<?xml version="1.0" encoding="UTF-8"?>
<project-private xmlns="http://www.netbeans.org/ns/project-private/1">
    <editor-bookmarks xmlns="http://www.netbeans.org/ns/editor-bookmarks/2" lastBookmarkId="0"/>
    <open-files xmlns="http://www.netbeans.org/ns/projectui-open-files/2">
        <group>
            <file>file:/C:/Users/msi2k/Documents/FPT_Learn/PRJ301/java-web/MVC2SE1933/src/java/minhda/utils/DBHelpers.java</file>
            <file>file:/C:/Users/msi2k/Documents/FPT_Learn/PRJ301/java-web/MVC2SE1933/src/java/minhda/controller/CheckCookiesServlet.java</file>
        </group>
    </open-files>
</project-private>
